id,first_name,last_name,email,gender,ip_address
1,Donald,Ruiz,druiz0@ed.gov,Male,193.223.205.236
2,Aaron,Arnold,aarnold1@time.com,Male,123.25.70.22
3,Paul,Bailey,pbailey2@yelp.com,Male,41.76.86.90
4,Irene,Taylor,itaylor3@berkeley.edu,Female,172.75.197.219
5,Lawrence,Marshall,lmarshall4@tinypic.com,Male,19.232.114.166
6,Beverly,Fisher,bfisher5@latimes.com,Female,242.19.8.127
7,Julia,Simmons,jsimmons6@miibeian.gov.cn,Female,45.24.79.19
8,Rose,Matthews,rmatthews7@taobao.com,Female,159.185.91.234
9,Carl,Perry,cperry8@princeton.edu,Male,255.84.229.245
10,Phyllis,Long,plong9@apache.org,Female,35.241.60.251
